{
  "scene_name": "Cloud-T",
  "key_metrics": {
    "valid_pixel_ratio": 1.0,
    "num_points": 365017,
    "valid_normals_ratio": 0.9986411591788875,
    "depth_mean": 0.9953327557593034,
    "depth_std": 0.00631609632686776,
    "uniformity_index": 0.09205233068888864,
    "laplacian_mean": 1.0974223405402048e-05
  },
  "component_scores": {
    "completeness": 25.0,
    "normal_quality": 24.96602897947219,
    "point_cloud": 16.158942441209078,
    "smoothness": 24.967077329783795
  },
  "total_score": 91.09204875046505,
  "grade": "Excellent"
}