{
  "scene_name": "Crab",
  "key_metrics": {
    "valid_pixel_ratio": 1.0,
    "num_points": 174253,
    "valid_normals_ratio": 0.9996441955088291,
    "depth_mean": 0.984892685200838,
    "depth_std": 0.031186554126038178,
    "uniformity_index": 0.3268278863322464,
    "laplacian_mean": 9.044177624515702e-05
  },
  "component_scores": {
    "completeness": 25.0,
    "normal_quality": 24.991104887720727,
    "point_cloud": 11.44091447542375,
    "smoothness": 24.72867467126453
  },
  "total_score": 86.160694034409,
  "grade": "Good"
}