{
  "scene_name": "Astro",
  "key_metrics": {
    "valid_pixel_ratio": 1.0,
    "num_points": 405382,
    "valid_normals_ratio": 0.999977798718246,
    "depth_mean": 0.9779360976689936,
    "depth_std": 0.04576636492018737,
    "uniformity_index": 0.4002793692216595,
    "laplacian_mean": 9.520479424649651e-05
  },
  "component_scores": {
    "completeness": 25.0,
    "normal_quality": 24.99944496795615,
    "point_cloud": 9.994410437834091,
    "smoothness": 24.71438561726051
  },
  "total_score": 84.70824102305076,
  "grade": "Good"
}