{
  "scene_name": "Bagua-R",
  "key_metrics": {
    "valid_pixel_ratio": 1.0,
    "num_points": 355503,
    "valid_normals_ratio": 0.9997187084215886,
    "depth_mean": 0.9957583428135044,
    "depth_std": 0.007658192216384512,
    "uniformity_index": 0.13025381909809944,
    "laplacian_mean": 1.6620253149439772e-05
  },
  "component_scores": {
    "completeness": 25.0,
    "normal_quality": 24.992967710539716,
    "point_cloud": 15.39490760435218,
    "smoothness": 24.95013924055168
  },
  "total_score": 90.33801455544358,
  "grade": "Excellent"
}