{
  "scene_name": "Cloud-R",
  "key_metrics": {
    "valid_pixel_ratio": 1.0,
    "num_points": 360805,
    "valid_normals_ratio": 0.9992572165019886,
    "depth_mean": 0.9947257732007129,
    "depth_std": 0.013872008820223743,
    "uniformity_index": 0.10298371388828297,
    "laplacian_mean": 1.2334604562483092e-05
  },
  "component_scores": {
    "completeness": 25.0,
    "normal_quality": 24.981430412549717,
    "point_cloud": 15.940312768762492,
    "smoothness": 24.96299618631255
  },
  "total_score": 90.88473936762476,
  "grade": "Excellent"
}