{
  "scene_name": "Bear",
  "key_metrics": {
    "valid_pixel_ratio": 1.0,
    "num_points": 357567,
    "valid_normals_ratio": 0.9998573693881146,
    "depth_mean": 0.9873904505279995,
    "depth_std": 0.031835104338012885,
    "uniformity_index": 0.32048309579005224,
    "laplacian_mean": 6.508355785115579e-05
  },
  "component_scores": {
    "completeness": 25.0,
    "normal_quality": 24.996434234702868,
    "point_cloud": 11.590323339497807,
    "smoothness": 24.804749326446533
  },
  "total_score": 86.39150690064722,
  "grade": "Good"
}